CIT-135,1
CIT-140,1
CIT-200,1
CIT-265,1
CSI-120,1
CSI-140,1
CSI-160,1
CSI-230,1
CSI-240,1
CSI-281,1
CSI-319,1
CSI-320,1
CSI-340,1
CSI-385,1
CSI-440,1
CSI-480,1
EGP-200,1
EGP-405,1
EGP-410,1
EGP-411,1
EGP-480,1
FOR-100,1
FOR-240,1
FOR-260,1
FOR-310,1
FOR-430,1
ITS-190,1
ITS-191,1
ITS-290,1
ITS-390,1
ITS-391,1
MTH-115,1
MTH-125,1
MTH-180,1
MTH-230,1
MTH-270,1
MTH-310,1
NET-120,1
NET-130,1
NET-215,1
NET-225,1
NET-230,1
NET-255,1
NET-265,1
NET-300,1
NET-320,1
NET-330,1
SCI-115,1
SCI-140,1
SCI-150,1
SCI-170,1
SCI-210,1
SCI-250,1
SCI-310,1
SEC-250,1
SEC-335,1
SEC-345,1
SEC-350,1
WEB-125,1
WEB-320,1
WEB-370,1
