BARN 200,MAC Lab
CCM 001,PC Lab
CCM 101,Production Stage
CCM 212,Conference Room
CCM 221,Classroom
CCM 222,PC Lab
CCM 224,PC Lab
CCM 232,Classroom
CCM 233,Classroom
CCM 305,Auditorium
CCM 424,Classroom
CCM 426,MAC Lab
CCM 434,Art Studio
CCM 442,Classroom
CCM 444,Classroom
FOST 100,PC Lab
FOST 101,MAC Lab
FOST 104,PC Lab
FOST 202,PC Lab
FREE 201,Classroom
GBTC 012,MAC Lab
GBTC 014,MAC Lab
GBTC 017,Classroom
GBTC 105,Classroom
GBTC 112,Classroom
GBTC 114,Classroom
GBTC 117,Classroom
GBTC 201,Conference Room
GBTC 206,Classroom
GBTC 217,Classroom
JOYC 101,PC Lab
JOYC 102,Classroom
JOYC 103,Classroom
JOYC 201,PC Lab
JOYC 203,Classroom
JOYC 205,Classroom
JOYC 210,MAC Lab
JOYC 211,PC Lab
JOYC 212,Classroom
JOYC 301,Classroom
JOYC 302,Classroom
JOYC 304,Classroom
JOYC 305,Classroom
JOYC 310,Classroom
JOYC 311,Classroom
JOYC 313,Classroom
MCLC 301,Classroom
MIC 305,Classroom
MIC 306,Classroom
MIC 308,PC Lab
SKFA 100,PC Lab
WICK 100,Classroom
WICK 101,Classroom
WICK 102,Classroom
